,City,Latitude,Longitude,Max Temp,Humidity,Cloudiness,Wind Speed,Country,Date
0,Atuona,-9.8,-139.0333,82.6,71,60,12.24,PF,1587060000
1,Busselton,-33.65,115.3333,56.79,79,0,11.56,AU,1587060000
2,Ushuaia,-54.8,-68.3,56.21,53,99,6.78,AR,1587060000
3,Leningradskiy,69.3833,178.4167,13.68,95,100,9.44,RU,1587060000
4,Sitka,57.0531,-135.33,44.96,90,98,4.03,US,1587060000
5,Omsukchan,62.5333,155.8,9.77,88,100,3.58,RU,1587060000
6,Hermanus,-34.4187,19.2345,62.8,86,18,4.99,ZA,1587060000
7,Okhotsk,59.3833,143.3,17.74,84,13,11.59,RU,1587060000
8,Hithadhoo,-0.6,73.0833,85.55,68,57,5.68,MV,1587060000
9,Urusha,54.05,122.9,32.92,74,0,2.06,RU,1587060000
10,Katsuura,35.1333,140.3,53.37,71,100,15.84,JP,1587060000
11,George Town,5.4112,100.3354,82.54,82,100,2.17,MY,1587060000
12,Kapaa,22.0752,-159.319,74.23,75,56,13.11,US,1587060000
13,Cabedelo,-6.9811,-34.8339,85.06,70,99,11.77,BR,1587060000
14,Sal Rei,16.1833,-22.9167,73.94,79,79,17.27,CV,1587060000
15,Lata,40.1629,-8.3327,59.04,79,73,10.85,PT,1587060000
16,Chokurdakh,70.6333,147.9167,-10.28,91,98,8.66,RU,1587060000
17,North Platte,41.1239,-100.7654,33.26,68,100,18.7,US,1587060000
18,Acapulco de Juárez,16.8634,-99.8901,91.24,34,0,6.78,MX,1587060000
19,Esperance,-33.8667,121.9,58.44,77,0,6.89,AU,1587060000
20,Saskylakh,71.9167,114.0833,-12.08,89,18,0.56,RU,1587060000
21,Albany,42.6001,-73.9662,39.99,58,51,13.4,US,1587060000
22,Olafsvik,64.8945,-23.7142,40.51,86,91,16.28,IS,1587060000
23,Cochrane,51.1834,-114.4687,38.1,57,46,3.71,CA,1587060000
24,Carberry,49.8689,-99.3602,35.2,62,57,12.03,CA,1587060000
25,Turukhansk,65.8167,87.9833,34.32,88,88,10.51,RU,1587060000
26,Bredasdorp,-34.5322,20.0403,61.2,88,44,4.47,ZA,1587060000
27,Vaini,-21.2,-175.2,77.45,78,100,13.31,TO,1587060000
28,Lebu,-37.6167,-73.65,65.32,64,82,11.65,CL,1587060000
29,Trincomalee,8.5711,81.2335,81.16,81,61,4.81,LK,1587060000
30,Punta Arenas,-53.15,-70.9167,51.6,66,100,9.06,CL,1587060000
31,Rikitea,-23.1203,-134.9692,76.87,76,36,10.58,PF,1587060000
32,Aracaju,-10.9111,-37.0717,86.14,67,64,12.37,BR,1587060000
33,Chapais,49.7834,-74.8492,29.91,81,100,12.46,CA,1587060000
34,Goundam,16.4145,-3.6708,100.17,14,14,7.05,ML,1587060000
35,Saint George,37.1041,-113.5841,68.05,18,64,9.04,US,1587060000
36,San Cristobal,7.7669,-72.225,87.51,34,79,2.44,VE,1587060000
37,Tuatapere,-46.1333,167.6833,45.72,89,100,4.94,NZ,1587060000
38,Kavaratti,10.5669,72.642,84.96,67,15,5.39,IN,1587060000
39,Castro,-24.7911,-50.0119,70.45,27,0,4.94,BR,1587060000
40,Port Elizabeth,-33.918,25.5701,62.65,74,2,6.78,ZA,1587060000
41,Sulphur Springs,33.1385,-95.6011,67.33,55,0,13.58,US,1587060000
42,Craig,40.5153,-107.5464,31.62,43,100,10.54,US,1587060000
43,Panzhihua,26.5851,101.7128,69.55,28,1,2.21,CN,1587060000
44,Byron Bay,-28.65,153.6167,66.51,82,2,8.95,AU,1587060000
45,Torbay,47.6666,-52.7314,40.3,75,62,13.15,CA,1587060000
46,Faanui,-16.4833,-151.75,82.6,71,59,9.57,PF,1587060000
47,Newport,51.5877,-2.9984,65.7,83,46,6.85,GB,1587060000
48,Oskaloosa,41.2964,-92.6444,41.72,56,100,7.4,US,1587060000
49,Cândido Mendes,-1.4467,-45.7167,83.53,78,99,1.43,BR,1587060000
50,Saint Paul Harbor,57.79,-152.4072,43.81,88,52,3.09,US,1587060000
51,Natitingou,10.3042,1.3796,96.1,15,10,3.22,BJ,1587060000
52,Krasnosel'kup,65.7,82.4667,30.63,98,100,6.2,RU,1587060000
53,Cockburn Town,21.4612,-71.1419,79.39,80,7,16.42,TC,1587060000
54,Mataura,-46.1927,168.8643,45.64,87,99,2.98,NZ,1587060000
55,Qaanaaq,77.484,-69.3632,16.29,84,78,3.18,GL,1587060000
56,Butaritari,3.0707,172.7902,83.32,76,93,14.88,KI,1587060000
57,Trairi,-3.2778,-39.2689,84.78,73,43,8.41,BR,1587060000
58,San Patricio,19.2167,-104.7,83.97,37,26,6.31,MX,1587060000
59,Mossendjo,-2.9506,12.7261,73.71,86,100,2.93,CG,1587060000
60,New Norfolk,-42.7826,147.0587,46.87,81,83,10.92,AU,1587060000
61,Nioro,13.35,-15.75,102.78,16,18,9.24,GM,1587060000
62,Atbasar,51.8,68.3333,48.15,47,74,8.95,KZ,1587060000
63,Dudinka,69.4058,86.1778,21.52,96,69,7.81,RU,1587060000
64,Iqaluit,63.7506,-68.5145,15.98,92,92,10.47,CA,1587060000
65,Kaitangata,-46.2817,169.8464,47.26,78,100,3.83,NZ,1587060000
66,Camalú,30.85,-116.0667,71.04,35,0,9.62,MX,1587060000
67,Sergeevka,53.88,67.4158,49.95,48,100,12.15,KZ,1587060000
68,Dikson,73.5069,80.5464,0.52,85,14,8.32,RU,1587060000
69,Luzhou,28.8724,105.4405,75.42,54,96,1.43,CN,1587060000
70,Saint-Philippe,-21.3585,55.7679,77.04,76,11,22.39,RE,1587060000
71,Guerrero Negro,27.9769,-114.0611,73.8,30,55,9.19,MX,1587060000
72,Puerto Ayora,-0.7393,-90.3518,81.46,78,48,13.31,EC,1587060000
73,Sur,22.5667,59.5289,84.52,41,78,8.9,OM,1587060000
74,Richards Bay,-28.783,32.0377,71.47,78,36,8.05,ZA,1587060000
75,Swan River,52.1058,-101.2676,28.31,90,75,7.07,CA,1587060000
76,Barrow,71.2906,-156.7887,18.97,97,99,5.84,US,1587060000
77,Fomboni,-12.28,43.7425,83.44,74,42,8.3,KM,1587060000
78,Gamba,-2.65,10.0,79.72,85,100,8.41,GA,1587060000
79,Bethel,41.3712,-73.414,46.33,51,15,13.91,US,1587060000
80,Carnarvon,-24.8667,113.6333,80.53,57,1,11.3,AU,1587060000
81,Makkah al Mukarramah,21.4267,39.8261,72.88,41,0,4.56,SA,1587060000
82,Dunedin,-45.8742,170.5036,49.1,72,96,4.21,NZ,1587060000
83,Shouguang,36.88,118.7375,58.26,43,3,10.0,CN,1587060000
84,Cape Town,-33.9258,18.4232,64.58,79,20,8.12,ZA,1587060000
85,Davenda,53.5556,119.317,35.42,62,2,2.8,RU,1587060000
86,Isangel,-19.55,169.2667,77.95,82,78,17.09,VU,1587060000
87,Bānsi,27.1833,82.9333,79.81,38,38,5.21,IN,1587060000
88,Margate,51.3813,1.3862,55.49,80,67,11.25,GB,1587060000
89,Sitrah,26.1547,50.6206,74.61,62,0,3.76,BH,1587060000
90,Aswān,24.0934,32.907,82.63,16,26,6.38,EG,1587060000
91,Arraial do Cabo,-22.9661,-42.0278,77.94,83,100,11.56,BR,1587060000
92,Avarua,-21.2078,-159.775,78.17,61,100,6.13,CK,1587060000
93,Severo-Kuril'sk,50.6789,156.125,30.2,95,100,14.12,RU,1587060000
94,Kieta,-6.2167,155.6333,79.63,81,98,9.78,PG,1587060000
95,Vitim,59.4511,112.5578,24.48,93,85,9.89,RU,1587060000
96,Port Alfred,-33.5906,26.891,63.18,70,33,7.52,ZA,1587060000
97,Lingao,19.9103,109.6859,72.86,85,89,10.85,CN,1587060000
98,Lüderitz,-26.6481,15.1594,66.43,61,90,23.04,NA,1587060000
99,Yellowknife,62.456,-114.3525,29.73,97,100,7.92,CA,1587060000
100,Nicoya,10.1483,-85.452,97.45,35,69,6.26,CR,1587060000
101,Bluff,-46.6,168.3333,46.22,82,100,7.05,NZ,1587060000
102,Panabá,21.2833,-88.2667,96.06,33,74,4.76,MX,1587060000
103,Tuktoyaktuk,69.4541,-133.0374,27.27,98,100,13.76,CA,1587060000
104,Okahandja,-21.9833,16.9167,68.22,13,0,6.31,NA,1587060000
105,Longyearbyen,78.2186,15.6401,31.03,94,55,4.65,SJ,1587060000
106,East London,-33.0153,27.9116,67.26,56,63,4.59,ZA,1587060000
107,Severobaykal'sk,55.65,109.3167,31.95,69,41,1.21,RU,1587060000
108,Portland,45.5234,-122.6762,62.65,30,0,9.8,US,1587060000
109,Ponta do Sol,32.6667,-17.1,64.99,68,46,21.12,PT,1587060000
110,Yaguajay,22.3272,-79.2378,88.75,49,41,8.25,CU,1587060000
111,Diffa,13.3154,12.6113,85.53,10,0,7.54,NE,1587060000
112,Mehamn,71.0357,27.8492,34.0,88,100,8.48,NO,1587060000
113,Anadyr,64.75,177.4833,16.72,97,88,8.52,RU,1587060000
114,Thunder Bay,48.4001,-89.3168,35.42,75,99,10.83,CA,1587060000
115,Tatarsk,55.219,75.9828,44.46,74,35,7.92,RU,1587060000
116,Acará,-1.9608,-48.1967,86.65,69,85,1.41,BR,1587060000
117,Vildbjerg,56.2,8.7667,45.21,61,0,14.34,DK,1587060000
118,Kruisfontein,-34.0033,24.7314,57.18,70,0,5.12,ZA,1587060000
119,Bambous Virieux,-20.3428,57.7575,77.14,70,18,21.61,MU,1587060000
120,Lavrentiya,65.5833,-171.0,23.72,97,100,11.45,RU,1587060000
121,Alta Floresta,-9.8756,-56.0861,79.41,81,91,2.33,BR,1587060000
122,Athens,37.9795,23.7162,57.25,50,0,10.58,GR,1587060000
123,Palmer,42.1584,-72.3287,44.1,50,36,12.77,US,1587060000
124,Carutapera,-1.195,-46.02,83.03,72,87,1.34,BR,1587060000
125,Makat,47.6469,53.3463,51.71,54,100,7.14,KZ,1587060000
126,Poronaysk,49.2167,143.1167,30.6,92,0,2.98,RU,1587060000
127,Pisco,-13.7,-76.2167,80.64,52,13,10.47,PE,1587060000
128,Eenhana,-17.4667,16.3333,83.77,31,60,3.18,NA,1587060000
129,Sayyan,15.1718,44.3244,61.9,36,40,1.77,YE,1587060000
130,Hobart,-42.8794,147.3294,49.28,76,76,17.09,AU,1587060000
131,Hilo,19.7297,-155.09,73.78,61,60,7.96,US,1587060000
132,Mar del Plata,-38.0023,-57.5575,63.21,65,18,5.99,AR,1587060000
133,Kavieng,-2.5744,150.7967,79.97,82,100,11.52,PG,1587060000
134,Urengoy,65.9667,78.3667,28.15,98,100,5.23,RU,1587060000
135,Narón,43.5167,-8.1528,58.8,82,100,5.75,ES,1587060000
136,Chongwe,-15.3292,28.682,70.3,52,27,2.46,ZM,1587060000
137,Zhiryatino,53.2228,33.7306,43.75,76,91,15.86,RU,1587060000
138,Olinda,-8.0089,-34.8553,86.13,61,100,9.1,BR,1587060000
139,Cherskiy,68.75,161.3,2.25,93,76,1.39,RU,1587060000
140,Iskateley,67.6803,53.1512,35.55,91,100,16.58,RU,1587060000
141,Shimoda,34.6667,138.95,54.84,81,97,16.37,JP,1587060000
142,Jalu,29.0331,21.5482,76.3,23,96,9.28,LY,1587060000
143,Morro Agudo,-20.7314,-48.0578,78.89,62,39,3.96,BR,1587060000
144,Mahébourg,-20.4081,57.7,76.8,70,17,20.6,MU,1587060000
145,Kaeo,-35.1,173.7833,63.03,84,99,12.5,NZ,1587060000
146,Grindavik,63.8424,-22.4338,43.56,87,89,18.34,IS,1587060000
147,Verkhnetulomskiy,68.6073,31.7962,33.53,94,99,6.87,RU,1587060000
148,Hong Kong,22.2855,114.1577,71.47,82,28,5.26,HK,1587060000
149,Ribeira Grande,38.5167,-28.7,63.37,71,37,12.8,PT,1587060000
150,Lagos,6.5833,3.75,85.33,77,37,13.24,NG,1587060000
151,Chernyshevskiy,63.0128,112.4714,10.99,93,0,5.88,RU,1587060000
152,Fairbanks,64.8378,-147.7164,38.44,89,100,5.84,US,1587060000
153,Marawi,7.9986,124.2928,68.52,73,45,3.51,PH,1587060000
154,Samarai,-10.6167,150.6667,79.9,84,56,5.61,PG,1587060000
155,Khatanga,71.9667,102.5,-0.44,89,0,9.86,RU,1587060000
156,Tayu,-6.5397,111.0518,80.35,79,87,2.46,ID,1587060000
157,Mīzan Teferī,6.9833,35.5833,64.65,63,93,3.98,ET,1587060000
158,Havre-St-Pierre,50.2334,-63.5986,29.88,86,77,22.53,CA,1587060000
159,Alice Springs,-23.7,133.8833,70.03,38,85,11.21,AU,1587060000
160,Kautokeino,69.0125,23.0412,23.22,91,77,8.34,NO,1587060000
161,Airai,-8.9266,125.4092,61.65,69,99,3.27,TL,1587060000
162,Pacific Grove,36.6177,-121.9166,56.7,77,92,6.46,US,1587060000
163,Kumul,42.8,93.45,66.29,22,100,10.83,CN,1587060000
164,Saldanha,-33.0117,17.9442,62.22,90,18,10.09,ZA,1587060000
165,Ruska Poliana,49.417,31.9201,55.26,55,92,16.17,UA,1587060000
166,Prince George,53.9166,-122.753,47.25,52,0,4.99,CA,1587060000
167,Salalah,17.0151,54.0924,82.89,62,0,3.44,OM,1587060000
168,Lompoc,34.6391,-120.4579,62.37,69,13,7.16,US,1587060000
169,Paducah,37.0834,-88.6001,58.62,48,2,8.84,US,1587060000
170,Provideniya,64.3833,-173.3,25.11,96,100,14.38,RU,1587060000
171,Yilan,24.757,121.753,72.09,56,1,11.74,TW,1587060000
172,Alta,69.9689,23.2717,32.86,93,87,3.38,NO,1587060000
173,Sokolo,14.7328,-6.1219,98.89,21,8,6.29,ML,1587060000
174,The Valley,18.217,-63.0578,82.9,74,10,14.67,AI,1587060000
175,Chulym,55.0997,80.9572,36.57,81,0,5.46,RU,1587060000
176,Faya,18.3851,42.4509,64.44,37,2,6.06,SA,1587060000
177,Lagoa,39.05,-27.9833,59.14,79,67,18.86,PT,1587060000
178,Dogondoutchi,13.6393,4.0287,96.76,8,12,7.92,NE,1587060000
179,Stromness,58.965,-3.296,47.32,70,87,3.33,GB,1587060000
180,Asău,46.4333,26.4,53.67,55,32,6.78,RO,1587060000
181,Nikolskoye,59.7035,30.7861,36.99,79,29,8.12,RU,1587060000
182,Bilibino,68.0546,166.4372,6.84,87,95,1.68,RU,1587060000
183,São José da Coroa Grande,-8.8978,-35.1478,83.25,74,99,9.4,BR,1587060000
184,Fortuna,40.5982,-124.1573,65.97,57,2,4.18,US,1587060000
185,São João da Barra,-21.6403,-41.0511,79.57,80,77,10.11,BR,1587060000
186,Constitución,-35.3333,-72.4167,66.42,44,53,4.54,CL,1587060000
187,Broome,42.2506,-75.833,37.47,63,40,12.91,US,1587060000
188,Geraldton,-28.7667,114.6,72.79,51,100,10.2,AU,1587060000
189,Buchanan,5.8808,-10.0467,86.67,75,64,9.24,LR,1587060000
190,Cidreira,-30.1811,-50.2056,70.7,61,18,15.93,BR,1587060000
191,Coyhaique,-45.5752,-72.0662,58.32,74,100,5.41,CL,1587060000
192,Yulara,-25.2406,130.9889,72.5,35,90,12.53,AU,1587060000
193,Jamestown,42.097,-79.2353,32.94,72,74,16.69,US,1587060000
194,Marabu,4.4148,114.0089,78.21,90,95,5.35,MY,1587060000
195,Puerto Colombia,10.9878,-74.9547,85.71,76,0,22.82,CO,1587060000
196,Shīeli,44.1667,66.75,58.21,35,0,8.79,KZ,1587060000
197,Jiblah,13.9216,44.1467,64.45,51,49,0.87,YE,1587060000
198,Vardø,70.3705,31.1107,36.07,91,100,12.35,NO,1587060000
199,Avera,33.194,-82.5271,68.56,36,1,4.85,US,1587060000
200,Teknāf,20.8624,92.3058,77.59,85,1,0.98,BD,1587060000
201,La Paz Centro,12.34,-86.6753,98.64,20,14,10.49,NI,1587060000
202,Departamento de Maldonado,-34.6667,-54.9167,67.03,71,42,13.13,UY,1587060000
203,Gouré,13.9835,10.2704,90.64,9,33,11.27,NE,1587060000
204,Tabuk,17.4189,121.4443,73.26,84,88,0.87,PH,1587060000
205,Maniitsoq,65.4167,-52.9,30.11,94,100,27.54,GL,1587060000
206,Ancud,-41.8697,-73.8203,58.8,92,100,23.49,CL,1587060000
207,Upernavik,72.7868,-56.1549,30.25,92,100,8.86,GL,1587060000
208,Hopelchén,19.7667,-89.85,103.03,18,90,4.9,MX,1587060000
209,Quang Ngai,15.1167,108.8,75.87,85,87,7.27,VN,1587060000
210,Clevelândia,-26.3958,-52.4708,64.74,34,0,6.58,BR,1587060000
211,Mandalgovi,45.7625,106.2708,38.66,37,0,1.77,MN,1587060000
212,Alyangula,-13.8483,136.4192,78.58,77,19,4.16,AU,1587060000
213,Staunton,38.1496,-79.0717,52.84,37,0,15.01,US,1587060000
214,Örnsköldsvik,63.2909,18.7153,38.89,77,25,14.76,SE,1587060000
215,Dalnerechensk,45.9339,133.7225,38.68,70,51,5.44,RU,1587060000
216,Turinsk,58.0458,63.696,50.77,56,100,11.34,RU,1587060000
217,Roald,62.5833,6.1333,38.93,74,98,10.74,NO,1587060000
218,Chui,-33.6971,-53.4616,68.18,79,39,12.59,UY,1587060000
219,Bengkulu,-3.8004,102.2655,78.3,82,98,4.59,ID,1587060000
220,Bereda,43.2686,-7.5406,54.23,80,100,4.83,ES,1587060000
221,Husavik,66.0449,-17.3389,42.46,78,82,7.38,IS,1587060000
222,Norman Wells,65.282,-126.8329,38.98,87,100,3.49,CA,1587060000
223,Conakry,9.538,-13.6773,84.94,76,91,12.55,GN,1587060000
224,Tangshan,39.6333,118.1833,48.7,82,70,3.91,CN,1587060000
225,Ardakān,32.31,54.0175,68.52,25,13,7.09,IR,1587060000
226,Mangaratiba,-22.9597,-44.0406,73.78,82,100,5.41,BR,1587060000
227,Port Macquarie,-31.4333,152.9167,66.69,68,9,7.65,AU,1587060000
228,Necochea,-38.5473,-58.7368,69.17,33,29,4.38,AR,1587060000
229,Linxia Chengguanzhen,35.6003,103.2064,48.27,20,91,0.02,CN,1587060000
230,Prainha,-1.8,-53.48,87.94,61,40,1.45,BR,1587060000
231,Mēga,4.05,38.3,65.25,58,84,10.09,ET,1587060000
232,Lusambo,-4.9667,23.45,79.2,62,97,2.93,CD,1587060000
233,Harlow,51.7766,0.1116,58.98,73,74,7.34,GB,1587060000
234,Saint-Pierre,-21.3393,55.4781,77.07,75,11,21.32,RE,1587060000
235,Flin Flon,54.7682,-101.865,30.67,92,83,8.52,CA,1587060000
236,Westport,41.1415,-73.3579,46.94,51,23,15.88,US,1587060000
237,Ilulissat,69.2167,-51.1,35.47,92,100,6.58,GL,1587060000
238,Shestakovo,56.4915,103.96,41.65,80,80,4.7,RU,1587060000
239,Kidodi,-7.6036,37.0044,73.56,81,75,2.64,TZ,1587060000
240,Cayenne,4.9333,-52.3333,85.82,84,83,8.41,GF,1587060000
241,Naze,28.3667,129.4833,62.15,62,24,3.85,JP,1587060000
242,Santa Cruz,30.4202,-9.5982,71.89,39,100,9.35,MA,1587060000
243,Muroto-misakicho,33.2833,134.15,58.32,63,3,7.72,JP,1587060000
244,Provost,52.3501,-110.2683,31.98,70,31,6.64,CA,1587060000
245,Navoiy,40.0844,65.3792,61.27,44,1,5.64,UZ,1587060000
246,San Jerónimo,-11.9472,-75.2829,59.45,21,87,5.3,PE,1587060000
247,Kawalu,-7.3817,108.2082,74.57,82,32,0.49,ID,1587060000
248,Ugoofaaru,5.6667,73.0,85.77,68,29,7.58,MV,1587060000
249,Gobabis,-22.45,18.9667,74.73,13,0,4.32,NA,1587060000
250,Hobyo,5.3505,48.5268,84.97,71,5,14.09,SO,1587060000
251,Tiksi,71.6872,128.8694,-7.64,90,100,6.69,RU,1587060000
252,Nyurba,63.2842,118.3319,9.39,93,23,5.08,RU,1587060000
253,Bonfim,3.0833,-59.95,95.09,30,28,0.89,BR,1587060000
254,Zhuanghe,39.7008,122.9911,51.49,93,100,22.15,CN,1587060000
255,Suba,10.8438,121.0102,84.22,78,7,17.92,PH,1587060000
256,Petatlán,17.5167,-101.2667,87.76,35,7,6.69,MX,1587060000
257,Kanye,-24.9667,25.3327,63.7,17,0,8.7,BW,1587060000
258,Mogadishu,2.0371,45.3438,84.27,75,72,14.67,SO,1587060000
259,Mae Hong Son,19.3003,97.9685,75.56,32,52,1.77,TH,1587060000
260,Talcahuano,-36.7167,-73.1167,64.15,65,78,6.13,CL,1587060000
261,Diamantino,-14.4086,-56.4461,82.22,60,22,6.2,BR,1587060000
262,Mattru,7.6244,-11.8332,88.83,59,70,5.59,SL,1587060000
263,Curup,-3.4667,102.5333,70.12,79,100,2.3,ID,1587060000
264,Dongsheng,39.8161,109.9776,39.02,35,1,9.55,CN,1587060000
265,Lüleburgaz,41.4039,27.3592,46.04,73,0,5.55,TR,1587060000
266,Oktyabr'skiy,54.4815,53.471,39.78,68,100,9.15,RU,1587060000
267,Souillac,-20.5167,57.5167,76.12,69,19,18.37,MU,1587060000
268,Buala,-8.145,159.5921,78.1,86,98,1.07,SB,1587060000
269,Sumbawanga,-7.9667,31.6167,61.25,55,89,2.06,TZ,1587060000
270,Maraã,-1.8333,-65.3667,89.17,62,80,3.29,BR,1587060000
271,Vao,-22.6667,167.4833,74.39,66,90,10.09,NC,1587060000
272,Glens Falls,43.3095,-73.644,42.57,54,62,12.28,US,1587060000
273,Bolobo,-2.1667,16.2333,83.1,61,94,3.49,CD,1587060000
274,Bandarbeyla,9.4942,50.8122,82.56,75,4,12.01,SO,1587060000
275,Mocuba,-16.8392,36.9856,76.39,79,0,6.67,MZ,1587060000
276,Pevek,69.7008,170.3133,10.36,96,100,2.64,RU,1587060000
277,Aripuanã,-9.1667,-60.6333,78.35,88,98,3.15,BR,1587060000
278,Viranşehir,37.2353,39.7631,57.4,51,13,2.26,TR,1587060000
279,Lorengau,-2.0226,147.2712,83.16,69,98,4.52,PG,1587060000
280,Hofn,64.2539,-15.2082,45.36,70,77,6.58,IS,1587060000
281,Santander,43.4647,-3.8044,61.45,66,99,12.33,ES,1587060000
282,Mayo,38.8876,-76.5119,50.07,47,26,13.91,US,1587060000
283,Chardara,41.2547,67.9692,56.98,55,0,5.95,KZ,1587060000
284,Miyako,39.6367,141.9525,37.49,76,1,4.45,JP,1587060000
285,Veshenskaya,49.6303,41.7334,47.71,61,99,19.82,RU,1587060000
286,Boden,65.8252,21.6886,35.6,93,5,5.1,SE,1587060000
287,San Rafael del Sur,11.8485,-86.4384,94.17,29,31,15.17,NI,1587060000
288,Ahipara,-35.1667,173.1667,64.63,85,99,14.61,NZ,1587060000
289,Slavyanka,42.8633,131.3847,40.89,89,47,7.16,RU,1587060000
290,Todos Santos,23.45,-110.2167,77.05,36,92,4.97,MX,1587060000
291,Xichang,27.8964,102.2634,61.56,36,53,3.18,CN,1587060000
292,Jijiga,9.35,42.8,69.55,48,94,4.9,ET,1587060000
293,Khabez,44.0434,41.772,39.94,63,91,2.86,RU,1587060000
294,Nchelenge,-9.3451,28.734,74.84,60,60,2.1,ZM,1587060000
295,Digapahandi,19.3667,84.5833,82.69,47,26,7.25,IN,1587060000
296,Fort Nelson,58.8053,-122.7002,48.63,52,65,2.04,CA,1587060000
297,Cuiluan,47.72,128.648,40.82,54,84,1.28,CN,1587060000
298,Nemuro,43.3236,145.575,31.64,93,1,8.72,JP,1587060000
299,Beisfjord,68.3751,17.5988,29.7,94,80,3.8,NO,1587060000
300,Linqiong,30.4159,103.4609,73.27,49,99,4.16,CN,1587060000
301,Hasaki,35.7333,140.8333,51.39,67,100,14.16,JP,1587060000
302,Kutum,14.2,24.6667,70.18,10,0,10.04,SD,1587060000
303,Kawambwa,-9.7915,29.0791,66.78,64,51,4.25,ZM,1587060000
304,Tiarei,-17.5333,-149.3333,82.54,71,17,6.6,PF,1587060000
305,Kupang,-10.1667,123.5833,81.59,79,91,8.99,ID,1587060000
306,Traralgon,-38.1833,146.5333,52.07,65,26,8.79,AU,1587060000
307,Madang,-5.2246,145.7966,78.48,80,74,3.2,PG,1587060000
308,Coos Bay,43.3665,-124.2179,59.38,43,12,13.78,US,1587060000
309,Tshikapa,-6.4167,20.8,77.14,71,99,1.41,CD,1587060000
310,Weru,-6.711,108.5037,78.75,80,19,2.68,ID,1587060000
311,Ati,13.2154,18.3353,87.8,9,0,9.62,TD,1587060000
312,Laas,46.6166,10.7002,48.81,38,100,1.36,IT,1587060000
313,Vanimo,-2.6741,141.3028,79.88,77,25,1.54,PG,1587060000
314,Evans,33.5337,-82.1307,69.13,24,15,5.88,US,1587060000
315,Karlskrona,56.1616,15.5866,53.19,52,21,15.68,SE,1587060000
316,Narsaq,60.9167,-46.05,37.17,89,100,3.29,GL,1587060000
317,Port Antonio,18.18,-76.4612,87.51,54,3,10.65,JM,1587060000
318,Raudeberg,61.9875,5.1352,39.74,75,84,13.15,NO,1587060000
319,Rocha,-34.4833,-54.3333,67.77,72,46,13.11,UY,1587060000
320,Kailua,21.4022,-157.7394,74.41,72,3,17.81,US,1587060000
321,Jianhu,29.9799,120.5712,67.48,67,27,6.26,CN,1587060000
322,Alekseyevka,50.6309,38.6903,48.83,73,93,22.84,RU,1587060000
323,Mizque,-17.941,-65.3402,65.93,31,83,7.14,BO,1587060000
324,Boa Vista,2.8197,-60.6733,94.87,33,27,4.94,BR,1587060000
325,Aklavik,68.2191,-135.0107,36.09,98,100,9.33,CA,1587060000
326,Kitimat,54.0524,-128.6534,58.24,49,0,2.17,CA,1587060000
327,Te Anau,-45.4167,167.7167,46.62,80,100,2.35,NZ,1587060000
328,Tsimmerbude,54.675,20.1347,46.35,81,23,9.48,RU,1587060000
329,Birakan,49.0167,131.7,36.36,63,0,1.39,RU,1587060000
330,Sørland,67.667,12.6934,37.44,78,100,28.99,NO,1587060000
331,Visnes,59.3556,5.2242,42.6,70,4,19.82,NO,1587060000
332,Victor Harbor,-35.5667,138.6167,55.15,73,17,9.51,AU,1587060000
333,Kawardha,22.0167,81.25,86.36,19,30,5.23,IN,1587060000
334,Paamiut,61.994,-49.6678,33.55,87,83,26.06,GL,1587060000
335,Kenai,60.5544,-151.2583,38.46,96,100,4.97,US,1587060000
336,Kahului,20.8947,-156.47,74.41,72,25,20.49,US,1587060000
337,Cabo San Lucas,22.8909,-109.9124,75.25,50,100,3.31,MX,1587060000
338,Wankyi,7.7392,-2.1046,89.4,39,2,2.91,GH,1587060000
339,Tautira,-17.7333,-149.15,82.47,71,8,5.57,PF,1587060000
340,Buin,-33.7333,-70.75,81.57,16,0,7.0,CL,1587060000
341,Khovd,48.0056,91.6419,44.94,38,92,4.12,MN,1587060000
342,Charleville-Mézières,49.7667,4.7167,60.6,72,39,3.53,FR,1587060000
343,NEDJO,9.5046,35.5019,69.57,18,0,2.77,ET,1587060000
344,Ordzhonīkīdze,52.4411,61.7408,50.81,43,100,18.41,KZ,1587060000
345,Amapá,1.0,-52.0,89.24,53,100,3.29,BR,1587060000
346,Teya,60.3778,92.6267,31.95,88,5,2.68,RU,1587060000
347,Thompson,55.7435,-97.8558,25.39,92,50,9.66,CA,1587060000
348,Alegrete,-29.7831,-55.7919,72.61,29,0,6.82,BR,1587060000
349,Howard,39.2504,-76.933,49.91,45,47,14.54,US,1587060000
350,Vostok,46.4856,135.8833,29.75,69,0,4.23,RU,1587060000
351,Talnakh,69.4865,88.3972,17.98,90,77,5.46,RU,1587060000
352,Los Negros,-17.7333,-63.4333,85.53,23,10,9.17,BO,1587060000
353,Gmina Lwówek Śląski,51.1107,15.5858,55.49,70,96,5.1,PL,1587060000
354,Hirara,24.8,125.2833,69.96,68,0,12.66,JP,1587060000
355,Mutoko,-17.397,32.2268,68.2,52,18,5.21,ZW,1587060000
356,Leshukonskoye,64.8989,45.7622,33.15,90,92,11.34,RU,1587060000
357,Taoudenni,22.6783,-3.9836,98.08,13,52,10.76,ML,1587060000
358,Bowen,-20.0167,148.2333,74.55,92,33,9.24,AU,1587060000
359,Loandjili,-4.7561,11.8578,79.29,86,100,4.99,CG,1587060000
360,Solomenskoye,44.2167,44.3528,43.88,67,50,8.25,RU,1587060000
361,Santa Elena,-2.2333,-80.85,82.49,74,63,7.47,EC,1587060000
362,Honiara,-9.4333,159.95,77.9,80,100,3.94,SB,1587060000
363,Baykit,61.67,96.37,35.92,84,100,2.95,RU,1587060000
364,Donskoye,45.4552,41.9741,45.3,62,56,11.77,RU,1587060000
365,Padang,-0.9492,100.3543,77.74,82,100,5.23,ID,1587060000
366,Changping,40.2186,116.2197,57.81,48,33,6.11,CN,1587060000
367,Koslan,63.4564,48.8989,33.89,84,92,12.57,RU,1587060000
368,Tasiilaq,65.6145,-37.6368,32.79,94,100,14.83,GL,1587060000
369,Carman,49.4992,-98.0016,37.87,64,78,10.09,CA,1587060000
370,Mukhen,48.1,136.1,40.33,61,46,6.26,RU,1587060000
371,Tonj,7.2737,28.6822,89.87,16,0,2.35,SS,1587060000
372,Mandi Bahauddin,32.5834,73.4843,77.34,33,90,4.34,PK,1587060000
373,Doha,25.2867,51.5333,74.62,62,0,2.86,QA,1587060000
374,Pemangkat,1.1667,108.9667,79.12,85,100,5.41,ID,1587060000
375,Araouane,18.9048,-3.5265,95.95,18,71,5.99,ML,1587060000
376,Laguna,38.421,-121.4238,67.86,57,83,5.01,US,1587060000
377,Aberystwyth,52.4155,-4.0829,59.79,74,86,9.42,GB,1587060000
378,Belyy Yar,53.6039,91.3903,45.79,58,82,4.99,RU,1587060000
379,Klaksvík,62.2266,-6.589,46.92,77,64,8.23,FO,1587060000
380,Awjilah,29.1081,21.2869,75.97,25,88,10.49,LY,1587060000
381,Ust'-Ilimsk,58.0006,102.6619,40.35,82,97,8.5,RU,1587060000
382,Great Yarmouth,52.6083,1.7305,55.29,81,50,10.92,GB,1587060000
383,Alugan,12.2188,125.4808,81.3,82,66,13.56,PH,1587060000
384,San Ignacio,17.1561,-89.0714,97.86,30,22,5.64,BZ,1587060000
385,Kasongo-Lunda,-6.4667,16.8167,76.3,73,83,1.41,CD,1587060000
386,Grants,35.1473,-107.8514,60.33,15,0,19.33,US,1587060000
387,Juneau,58.3019,-134.4197,45.27,79,100,3.65,US,1587060000
388,Chiradzulu,-15.6746,35.1407,68.67,56,14,6.76,MW,1587060000
389,Taitung City,22.7583,121.1444,71.17,53,43,2.01,TW,1587060000
390,Sobolevo,54.4299,31.8996,39.0,68,55,18.86,RU,1587060000
391,Maués,-3.3836,-57.7186,84.6,65,93,0.67,BR,1587060000
392,Kuusamo,65.9667,29.1833,30.83,94,100,13.42,FI,1587060000
393,Kidal,18.4411,1.4078,93.61,9,31,3.53,ML,1587060000
394,Verkhnyaya Inta,65.9811,60.3094,37.0,79,100,15.03,RU,1587060000
395,Huimanguillo,17.85,-93.3833,93.63,48,14,4.85,MX,1587060000
396,Ostrovnoy,68.0531,39.5131,32.67,96,99,19.84,RU,1587060000
397,La Ronge,55.1001,-105.2842,30.65,85,91,5.97,CA,1587060000
398,Māngrol,21.1167,70.1167,80.71,63,31,11.5,IN,1587060000
399,Talaya,61.3833,152.75,11.97,88,100,4.21,RU,1587060000
400,Genhe,50.7833,121.5167,36.43,51,7,1.48,CN,1587060000
401,Agios Vasileios,37.8,22.8,55.02,57,0,1.74,GR,1587060000
402,Samaro,25.2815,69.3965,87.35,31,81,12.64,PK,1587060000
403,Port-Gentil,-0.7193,8.7815,81.73,87,100,17.2,GA,1587060000
404,Harpenden,51.8168,-0.3571,59.68,71,67,7.54,GB,1587060000
405,São Filipe,14.8961,-24.4956,71.33,77,77,15.97,CV,1587060000
406,Namtsy,62.7161,129.6658,8.28,82,8,7.23,RU,1587060000
407,Bristol,41.8334,-71.1662,47.07,49,73,12.55,US,1587060000
408,Muros,42.7762,-9.0603,58.5,75,99,18.48,ES,1587060000
409,Nanortalik,60.1432,-45.2371,32.9,93,100,7.54,GL,1587060000
410,Maţāy,28.419,30.7792,70.25,44,14,23.4,EG,1587060000
411,Lachi,33.3833,71.3386,74.17,36,86,5.19,PK,1587060000
412,Gravdal,68.1214,13.5031,38.08,82,100,28.54,NO,1587060000
413,Varberg,57.1056,12.2508,46.36,72,6,7.31,SE,1587060000
414,Biltine,14.5333,20.9167,83.61,8,0,11.32,TD,1587060000
415,Tigil',57.8,158.6667,16.14,96,36,2.86,RU,1587060000
416,Gray,35.4167,-100.802,75.31,18,0,18.07,US,1587060000
417,Samaná,19.2056,-69.3369,83.34,65,28,11.36,DO,1587060000
418,Balkhash,46.844,74.9804,50.4,40,41,6.76,KZ,1587060000
419,Russell,32.3502,-85.1999,69.4,25,0,8.59,US,1587060000
420,Woodward,36.4337,-99.3904,70.21,36,58,25.59,US,1587060000
421,Umluj,25.0213,37.2685,76.73,47,10,4.79,SA,1587060000
422,Myitkyina,25.3833,97.4,70.27,75,68,2.64,MM,1587060000
423,Rio Grande,-32.035,-52.0986,70.86,72,61,11.23,BR,1587060000
424,Port Lincoln,-34.7333,135.8667,60.75,66,72,11.74,AU,1587060000
425,Nome,64.5011,-165.4064,34.3,97,100,8.75,US,1587060000
426,Kuala Terengganu,5.3302,103.1408,81.88,79,21,3.98,MY,1587060000
427,Kuytun,54.3419,101.5036,39.33,66,88,4.27,RU,1587060000
428,Jutaí,-5.1833,-68.9,91.47,47,18,4.14,BR,1587060000
429,Kimbe,-5.5502,150.1429,75.99,91,100,2.66,PG,1587060000
430,Karratha,-20.7377,116.8463,82.36,74,87,9.53,AU,1587060000
431,Phuket,8.0,98.25,83.77,70,64,4.0,TH,1587060000
432,Waren,53.5167,12.6833,49.44,68,83,6.55,DE,1587060000
433,High Prairie,55.4334,-116.4858,38.03,71,32,9.8,CA,1587060000
434,Tarskoye,42.967,44.7711,42.12,58,55,2.26,RU,1587060000
435,Bom Jesus,-9.0744,-44.3586,83.97,64,55,3.56,BR,1587060000
436,Leh,34.1667,77.5833,36.64,17,94,4.18,IN,1587060000
437,Acajutla,13.5928,-89.8275,89.19,54,26,10.65,SV,1587060000
438,Adrar,20.5022,-10.0711,95.45,17,80,10.16,MR,1587060000
439,Vestmannaeyjar,63.4427,-20.2734,42.85,76,51,10.67,IS,1587060000
440,Shar,49.5886,81.0453,44.6,56,0,3.27,KZ,1587060000
441,Ayagoz,47.9714,80.4392,41.32,52,5,13.06,KZ,1587060000
442,Kondoa,-4.9,35.7833,64.74,64,99,4.43,TZ,1587060000
443,Saint-François,46.4154,3.9054,65.16,65,70,2.98,FR,1587060000
444,Shahreza,32.0339,51.8794,56.25,29,52,8.12,IR,1587060000
445,Barabai,-2.5833,115.3833,75.54,93,88,2.04,ID,1587060000
446,Los Llanos de Aridane,28.6585,-17.9182,66.2,66,42,12.19,ES,1587060000
447,Krasnoborsk,61.5598,45.934,32.9,93,100,15.73,RU,1587060000
448,Waipawa,-41.4122,175.5153,59.5,78,43,11.83,NZ,1587060000
449,Road Town,18.4167,-64.6167,83.1,75,10,14.5,VG,1587060000
450,Darhan,49.4867,105.9228,45.21,39,0,2.77,MN,1587060000
451,Maputo,-25.9653,32.5892,74.44,87,32,8.08,MZ,1587060000
452,Half Moon Bay,37.4636,-122.4286,57.51,73,89,4.12,US,1587060000
453,Banamba,13.55,-7.45,94.24,25,25,9.86,ML,1587060000
454,Djibouti,11.5,42.5,80.15,68,68,12.97,DJ,1587060000
455,Pauini,-7.7136,-66.9764,83.8,72,77,3.29,BR,1587060000
456,Chinchani,19.8667,72.7,81.61,75,9,9.6,IN,1587060000
457,Kralendijk,12.15,-68.2667,84.78,78,2,15.12,BQ,1587060000
458,Progreso,21.2833,-89.6667,92.39,47,87,5.1,MX,1587060000
459,Takoradze,4.8845,-1.7554,82.99,81,38,12.41,GH,1587060000
460,Farafangana,-22.8167,47.8333,75.52,80,7,8.68,MG,1587060000
461,Ikwiriri,-7.9562,38.9716,75.9,95,100,3.98,TZ,1587060000
462,Skjervøy,70.0311,20.9714,37.36,77,18,6.6,NO,1587060000
463,Hamilton,39.1834,-84.5333,49.1,44,53,9.06,US,1587060000
464,Saint-Augustin,51.226,-58.6502,31.59,90,82,10.29,CA,1587060000
465,Muriti,-1.9833,32.9167,73.92,52,47,0.49,TZ,1587060000
466,Birao,10.2849,22.7882,85.24,10,1,5.93,CF,1587060000
467,Riachão do Dantas,-11.0689,-37.725,85.91,56,38,10.07,BR,1587060000
468,Ajdabiya,30.7554,20.2263,65.35,54,27,16.84,LY,1587060000
469,Batticaloa,7.7102,81.6924,81.41,78,71,4.47,LK,1587060000
470,Gannan,47.9147,123.5031,47.75,43,100,5.06,CN,1587060000
471,Porto-Novo,6.4965,2.6036,85.15,74,6,12.48,BJ,1587060000
472,Mount Gambier,-37.8333,140.7667,55.69,74,30,12.95,AU,1587060000
473,Ixtapa,20.7,-105.2,90.88,21,22,5.35,MX,1587060000
474,Khanbari,27.3747,87.2039,67.26,35,40,4.74,NP,1587060000
475,Tabou,4.423,-7.3528,83.55,78,67,5.5,CI,1587060000
476,Sept-Îles,50.2001,-66.3821,30.63,86,99,17.72,CA,1587060000
477,Tiznit Province,29.5833,-9.5,65.75,41,94,8.21,MA,1587060000
478,Quatre Cocos,-20.2078,57.7625,77.27,71,22,22.7,MU,1587060000
479,Kendari,-3.945,122.4989,77.32,89,56,3.22,ID,1587060000
480,Bozeman,45.6796,-111.0386,29.93,50,84,5.21,US,1587060000
481,Trivandrum,8.4833,76.9167,82.35,79,70,2.06,IN,1587060000
482,Bemidji,47.4736,-94.8803,38.62,54,54,11.21,US,1587060000
483,Chicama,-7.8447,-79.1469,82.4,49,1,11.01,PE,1587060000
484,Sioux Lookout,50.1001,-91.917,30.9,75,100,10.8,CA,1587060000
485,Dubbo,-32.25,148.6167,60.89,61,7,5.32,AU,1587060000
486,Gayny,60.3071,54.3241,35.11,80,100,9.08,RU,1587060000
487,Gubkinskiy,64.434,76.5026,30.25,97,100,5.3,RU,1587060000
488,Eureka,40.8021,-124.1637,64.58,57,1,3.62,US,1587060000
489,Meulaboh,4.1363,96.1285,79.36,81,100,3.38,ID,1587060000
490,Greater Sudbury,46.49,-80.99,37.08,59,67,12.53,CA,1587060000
491,Tulun,54.5611,100.5792,40.84,59,93,4.09,RU,1587060000
492,Williams Lake,52.1415,-122.1445,50.23,41,0,3.74,CA,1587060000
493,Chernyanka,50.9409,37.8069,46.81,69,100,17.72,RU,1587060000
494,Vagay,57.9375,69.0217,45.97,78,91,7.74,RU,1587060000
495,Tūkrah,32.5341,20.5791,58.32,73,0,16.33,LY,1587060000
496,Mbandaka,0.0487,18.2603,82.63,58,61,0.54,CD,1587060000
497,Khirkiya,22.1674,76.8605,93.45,14,56,8.46,IN,1587060000
498,Ségou,13.4317,-6.2157,98.55,22,7,13.35,ML,1587060000
499,Birjand,32.8663,59.2211,56.86,40,99,13.06,IR,1587060000
500,Samfya,-11.3649,29.5565,70.27,54,46,4.0,ZM,1587060000
501,Tapiramutá,-11.8472,-40.7914,76.39,61,68,5.61,BR,1587060000
502,Neiafu,-18.65,-173.9833,80.2,78,100,7.74,TO,1587060000
503,Soddy-Daisy,35.2359,-85.1908,63.27,36,0,4.43,US,1587060000
504,Touros,-5.1989,-35.4608,85.89,66,43,12.48,BR,1587060000
505,Wajima,37.4,136.9,46.4,67,0,13.65,JP,1587060000
506,Yaan,7.3833,8.5667,95.99,34,40,7.58,NG,1587060000
507,Villamontes,-21.25,-63.5,82.83,27,2,6.67,BO,1587060000
508,Inuvik,68.3499,-133.7218,37.35,97,100,9.75,CA,1587060000
509,Umm Kaddadah,13.6017,26.6876,78.55,10,0,12.53,SD,1587060000
510,Maceió,-9.6658,-35.7353,85.24,67,65,12.95,BR,1587060000
511,Kungurtug,50.5994,97.5228,39.94,52,100,2.06,RU,1587060000
512,Bangassou,4.7413,22.8184,79.88,33,59,0.6,CF,1587060000
513,Jaciara,-15.9653,-54.9683,79.52,71,86,4.85,BR,1587060000
514,Sambava,-14.2667,50.1667,75.34,88,75,7.65,MG,1587060000
515,Aketi,2.7388,23.7833,82.27,41,63,2.01,CD,1587060000
516,Qeshm,26.9581,56.2719,74.64,81,10,8.84,IR,1587060000
517,Kuandian,40.7286,124.7847,49.46,53,100,7.14,CN,1587060000
518,Minsk,53.9,27.5667,40.96,61,58,18.68,BY,1587060000
519,Ondangwa,-17.9167,15.95,88.56,25,13,2.33,NA,1587060000
520,Bonavista,48.6499,-53.1147,36.46,85,27,9.62,CA,1587060000
521,Listvyanskiy,54.4399,83.4984,36.79,81,25,6.02,RU,1587060000
522,Abu Kamal,34.4506,40.9171,74.3,24,86,7.47,SY,1587060000
523,Dingle,10.9995,122.6711,79.97,78,11,7.81,PH,1587060000
524,Viedma,-40.8135,-62.9967,80.98,25,65,21.16,AR,1587060000
525,Landeck,47.1301,10.5636,50.7,44,95,2.01,AT,1587060000
526,Zaragoza,41.6561,-0.8773,67.24,54,99,18.59,ES,1587060000
527,Port Hardy,50.6996,-127.4199,59.88,52,60,0.65,CA,1587060000
528,Ciudad Bolivar,8.1222,-63.5497,98.62,23,55,8.19,VE,1587060000
529,Angoche,-16.2325,39.9086,79.68,79,2,6.51,MZ,1587060000
530,Sernovodsk,43.3117,45.1594,43.0,64,68,4.43,RU,1587060000
531,Reconquista,-29.15,-59.65,76.24,24,0,4.14,AR,1587060000
532,Jevnaker,60.2414,10.385,45.21,56,83,3.83,NO,1587060000
533,Poum,-20.2333,164.0167,78.03,80,6,13.78,NC,1587060000
534,Moerai,-22.4333,-151.3333,77.92,63,64,10.33,PF,1587060000
535,Picos,-7.0769,-41.4669,83.52,71,66,4.79,BR,1587060000
536,Yangi Marg`ilon,40.4272,71.7189,59.13,36,30,3.78,UZ,1587060000
537,‘Āhuimanu,21.4447,-157.8378,74.03,71,4,15.52,US,1587060000
538,Eyl,7.9803,49.8164,84.24,75,5,11.65,SO,1587060000
539,Praia da Vitória,38.7333,-27.0667,60.76,78,75,19.3,PT,1587060000
540,Les Cayes,18.2,-73.75,81.88,71,8,6.44,HT,1587060000
541,Gimli,50.6336,-96.9907,36.23,72,90,11.07,CA,1587060000
542,Alexandria,31.2156,29.9553,63.25,73,21,18.19,EG,1587060000
543,Goma,-1.6792,29.2228,66.99,50,69,1.63,CD,1587060000
544,Inhambane,-23.865,35.3833,79.88,87,18,7.65,MZ,1587060000
545,Yazman,29.1212,71.7446,91.56,16,100,6.4,PK,1587060000
546,Kasane,-17.8167,25.15,73.17,41,69,4.41,BW,1587060000
547,Williston,48.147,-103.618,35.98,56,37,9.89,US,1587060000
548,Novo Aripuanã,-5.1206,-60.3797,82.76,77,94,3.38,BR,1587060000
549,Gagino,55.2314,45.0339,39.0,76,99,14.94,RU,1587060000
550,Ulkan,57.243,107.3223,36.03,75,26,0.2,RU,1587060000
551,Nyzhni Sirohozy,46.8484,34.3804,48.52,59,53,19.28,UA,1587060000
552,Codrington,-38.2667,141.9667,55.8,76,63,20.94,AU,1587060000
553,Ninghai,29.2892,121.4247,64.29,88,5,5.95,CN,1587060000
554,Oranjemund,-28.55,16.4333,59.68,76,69,13.76,NA,1587060000
555,Weiser,44.251,-116.9693,51.66,33,0,8.21,US,1587060000
556,Sharan,54.8167,54.0,40.21,66,100,10.11,RU,1587060000
557,The Pas,53.8251,-101.2541,31.17,91,58,8.57,CA,1587060000
558,Mount Isa,-20.7333,139.5,77.5,25,0,8.5,AU,1587060000
559,Tual,-5.6667,132.75,83.55,75,95,5.99,ID,1587060000
560,Nālūt,30.3333,10.85,82.02,25,56,8.86,LY,1587060000
561,Namatanai,-3.6667,152.4333,81.61,73,100,5.61,PG,1587060000
562,Vila Franca do Campo,37.7167,-25.4333,60.4,76,27,20.56,PT,1587060000
563,Port Hawkesbury,45.6169,-61.3485,36.57,78,49,12.8,CA,1587060000
564,Marathon,44.9,-89.7668,34.95,80,1,11.92,US,1587060000
565,High Level,58.5169,-117.136,41.27,70,68,3.87,CA,1587060000
566,Blagoyevo,63.3667,47.9167,34.27,84,88,12.88,RU,1587060000
567,Abu Dhabi,24.4667,54.3667,76.96,83,6,11.81,AE,1587060000
568,Devarkonda,16.7,78.9333,85.08,32,6,6.58,IN,1587060000
569,Kamina,-8.7386,24.9906,68.76,68,92,1.81,CD,1587060000
570,Salym,60.0625,71.4789,41.5,82,69,7.87,RU,1587060000
571,Kristinestad,62.2743,21.376,37.09,80,15,12.73,FI,1587060000
572,Coleraine,55.1333,-6.6667,56.48,79,75,9.08,GB,1587060000
573,Vilhena,-12.7406,-60.1458,82.0,47,27,5.39,BR,1587060000
574,Buncrana,55.1333,-7.45,55.24,77,65,9.6,IE,1587060000
575,Siderno,38.2779,16.302,55.8,66,83,4.52,IT,1587060000
576,Bathsheba,13.2167,-59.5167,85.15,72,65,15.37,BB,1587060000
577,Burgeo,47.6167,-57.6152,34.75,84,75,22.95,CA,1587060000
578,Kikwit,-5.041,18.8162,77.76,73,100,3.49,CD,1587060000
579,Beloha,-25.1667,45.05,78.15,67,1,11.16,MG,1587060000
580,Shunyi,40.125,116.6453,57.06,53,46,6.71,CN,1587060000
581,Jingdezhen,29.2947,117.2079,66.63,73,0,2.53,CN,1587060000
